chapter,avg_sentiment_score,num_sentences,sentiment_label
CHAPTER I,0.00975609756097561,410,Neutral
CHAPTER II,0.00589622641509434,848,Neutral
CHAPTER III,-0.031569173630454965,1077,Neutral
CHAPTER I,-0.0780701754385965,1140,Negative
CHAPTER II,-0.07789317507418397,1348,Negative
CHAPTER III,-0.1273957158962796,887,Negative
CHAPTER I,-0.10306748466257669,815,Negative
CHAPTER II,-0.06218274111675127,788,Negative
CHAPTER III,-0.13885898815931108,929,Negative
