chapter,avg_sentiment_score,num_sentences,sentiment_label
CHAPTER I,0.03389830508474576,354,Neutral
CHAPTER II,-0.020066889632107024,299,Neutral
CHAPTER III,0.06282722513089005,382,Positive
CHAPTER IV,0.005434782608695652,368,Neutral
CHAPTER V,-0.006472491909385114,309,Neutral
CHAPTER VI,-0.02181818181818182,275,Neutral
CHAPTER VII,-0.07587064676616916,804,Negative
CHAPTER VIII,-0.05970149253731343,268,Negative
CHAPTER IX,-0.12103746397694524,347,Negative
