chapter,avg_sentiment_score,num_sentences,sentiment_label
CHAPTER I,0.019736842105263157,608,Neutral
CHAPTER II,0.015,1000,Neutral
CHAPTER III,-0.13109243697478992,595,Negative
CHAPTER IV,-0.10991957104557641,746,Negative
CHAPTER I,-0.0425531914893617,799,Neutral
CHAPTER II,-0.12804878048780488,492,Negative
CHAPTER III,-0.05555555555555555,378,Negative
CHAPTER IV,-0.10040160642570281,249,Negative
CHAPTER V,-0.170018281535649,547,Negative
