{
  "topic_coherence_cv": 0.3592609674861101,
  "topic_diversity": 0.7285714285714285
}