chapter,avg_compound,num_sentences,sentiment_label
CHAPTER I,0.04229999999999999,354,Neutral
CHAPTER II,0.006850501672240805,299,Neutral
CHAPTER III,0.08063664921465966,382,Positive
CHAPTER IV,0.06644565217391306,368,Positive
CHAPTER V,0.028562459546925562,309,Neutral
CHAPTER VI,0.05199854545454544,275,Positive
CHAPTER VII,-0.00654950248756219,804,Neutral
CHAPTER VIII,0.06549253731343284,268,Positive
CHAPTER IX,-0.005273487031700286,347,Neutral
