chapter,avg_compound,num_sentences,sentiment_label
CHAPTER I,0.1304121951219513,410,Positive
CHAPTER II,0.0870728773584905,848,Positive
CHAPTER III,0.061392664809656376,1077,Positive
CHAPTER I,0.04552499999999994,1140,Neutral
CHAPTER II,0.017442878338278952,1348,Neutral
CHAPTER III,0.013858286358511846,887,Neutral
CHAPTER I,-0.005669570552147217,815,Neutral
CHAPTER II,0.04430266497461929,788,Neutral
CHAPTER III,0.0036692142088266978,929,Neutral
