chapter,avg_compound,num_sentences,sentiment_label
CHAPTER I,0.10913190789473678,608,Positive
CHAPTER II,0.09322529999999994,1000,Positive
CHAPTER III,0.005299831932773127,595,Neutral
CHAPTER IV,0.052339812332439666,746,Positive
CHAPTER I,0.09835306633291606,799,Positive
CHAPTER II,0.04230081300813008,492,Neutral
CHAPTER III,0.05135132275132276,378,Positive
CHAPTER IV,-0.0162281124497992,249,Neutral
CHAPTER V,0.011372212065813543,547,Neutral
