{
  "0": {
    "mind": 0.010457263255354732,
    "half": 0.010021543953048285,
    "boy": 0.009821055783583253,
    "mother": 0.009412694660743605,
    "gave": 0.008428468081523978,
    "away": 0.007914073411386916,
    "beauty": 0.007872426719349663,
    "love": 0.007833004680882244,
    "heart": 0.006963414930685324,
    "friend": 0.006881703003942459
  },
  "1": {
    "half": 0.010517360704582781,
    "party": 0.009566439429200296,
    "away": 0.008683151188631711,
    "mind": 0.008605113303749547,
    "boy": 0.00819985558224259,
    "war": 0.00801937730919641,
    "company": 0.0074168784014016125,
    "club": 0.007404814486902855,
    "love": 0.007257328092916264,
    "city": 0.007035646475539829
  },
  "2": {
    "away": 0.028390906286845447,
    "dog": 0.01937821058407361,
    "heat": 0.014718729151111767,
    "rain": 0.014455517571166662,
    "broke": 0.013111438506727722,
    "policeman": 0.012788606120586748,
    "dress": 0.012452851516058284,
    "sister": 0.011895492042407117,
    "wife": 0.011886605161406162,
    "crazy": 0.01186187476283408
  },
  "3": {
    "love": 0.018609507760836235,
    "kiss": 0.014331997153308667,
    "mind": 0.01382458001675491,
    "work": 0.01057405610544935,
    "married": 0.01028822366740888,
    "half": 0.010218167838471022,
    "laughed": 0.010058507028794041,
    "mother": 0.009909361751282923,
    "beautiful": 0.00938540904918994,
    "lot": 0.008772763915946665
  },
  "4": {
    "letter": 0.01515418474442391,
    "office": 0.014315305068917742,
    "mind": 0.012585756302193036,
    "sell": 0.011730980334397255,
    "away": 0.011363062842556526,
    "love": 0.011246663988084766,
    "debris": 0.011234932840427397,
    "taken": 0.01099059025140009,
    "jill": 0.010963332304106479,
    "city": 0.010220386168545679
  },
  "5": {
    "wind": 0.01868802461226417,
    "moon": 0.01717455631574985,
    "horse": 0.016585321963704342,
    "summer": 0.015502855991576414,
    "rain": 0.013783721929263398,
    "tree": 0.013570430148208535,
    "wood": 0.013197675085061292,
    "moonlight": 0.013117964217602411,
    "half": 0.012519821139245699,
    "lightning": 0.011981230888887476
  },
  "6": {
    "money": 0.02394597285135181,
    "work": 0.01639123944368076,
    "dollar": 0.015948159902020496,
    "friend": 0.014015032903437237,
    "child": 0.013817622376007326,
    "drink": 0.012843489724166575,
    "best": 0.012562277925614818,
    "god": 0.012471654015323195,
    "changed": 0.01143831900709645,
    "beauty": 0.010860865203250256
  }
}